source,sequenceID,markercode,phylum_name,class_name,order_name,family_name,subfamily_name,genus_name,species_name,subspecies_name,nucleotides,country,province_state,lat,lon
BOLD,7208675,COI-5P,Arthropoda,Insecta,Ephemeroptera,Baetidae,Baetinae,Cloeon,Cloeon dipterum,NA,-----------------------------------TGGTGGGGACTTCACTGAGCCTGCTAATTCGAGCCGAACTTGGAAACCCGGGTTCTTTAATTGGGGATGACCAGATTTACAACGTGATTGTTACTGCCCATGCGTTTATTATAATTTTTTTTATAGTGATACCAATTATAATTGGAGGGTTTGGCAATTGGTTAGTGCCTTTAATACTAGGGGCCCCAGACATGGCCTTTCCTCGTATAAACAATATAAGTTTTTGGTTGTTGCCGCCTTCGTTAACCTTGCTTGTGTCAAGTAGAATTGTAGATGTTGGTGCGGGAACGGGATGGACGGTGTACCCACCGCTTTCAGCCAATATCGCTCATGGTGGGGCATCTGTCGATTTTGCTATTTTTTCTCTACATTTGGCAGGGGTGTCTTCTATCTTAGGGGCTGTAAATTTTATTACAACTGTTGTTAACATGCGTAGCCCTGGAATGACTCTGGACCGAATACCCCTGTTTGTATGGTCTGTAGTAATTACCGCTGTTCTCTTACTCCTGTCGCTGCCGGTGTTGGCAGGAGCTATTACTATGTTACTAACGGATCGTAATTTGAATACCTCGTTTTTTGACCCTGCAGGTGGGGGTGATCCTATTTTGTACCA----------,Switzerland,Zurich,47.6129,8.67639
BOLD,7208674,COI-5P,Arthropoda,Insecta,Ephemeroptera,Baetidae,Baetinae,Cloeon,Cloeon dipterum,NA,-----------------------------------TGGTGGGGACTTCACTGAGCCTGCTAATTCGAGCCGAACTTGGAAACCCGGGTTCTTTAATTGGGGATGACCAGATTTACAACGTGATTGTTACTGCCCATGCGTTTATTATAATTTTTTTTATAGTGATACCAATTATAATTGGTGGGTTTGGCAATTGGTTAGTGCCTTTAATACTAGGGGCCCCAGACATGGCCTTTCCTCGTATAAACAATATAAGTTTTTGGTTGTTGCCGCCTTCGTTAACCTTGCTTGTGTCAAGTAGAATTGTAGATGTTGGTGCGGGAACGGGATGGACGGTGTACCCACCGCTTTCAGCCAATATCGCTCATGGTGGGGCATCTGTCGATTTTGCTATTTTTTCTCTACATTTGGCAGGGGTGTCTTCTATCTTAGGGGCTGTAAATTTTATTACAACTGTTGTTAACATGCGTAGCCCTGGAATGACTCTGGACCGAATACCCCTGTTTGTATGGTCTGTAGTAATTACCGCTGTTCTCTTACTCTTGTCGCTGCCGGTGCTGGCAGGAGCTATTACTATGTTACTAACGGATCGTAATTTGAATACCTCGTTTTTTGACCCTGCAGGTGGGGGTGATCCTATTTTGTACCA----------,Switzerland,Zurich,47.6129,8.67639
BOLD,11680869,COI-5P,Arthropoda,Insecta,Ephemeroptera,Baetidae,Baetinae,Baetis,Baetis alpinus,NA,TACCCTTTATTTTATTTTTGGTGCGTGGTCGGGTATGGTGGGGACTTCACTGAGCCTGCTAATTCGAGCCGAACTTGGAAACCCGGGTTCTTTAATTGGGGATGACCAGATTTACAACGTGATTGTTACTGCCCATGCGTTTATTATAATTTTTTTTATAGTGATACCAATTATAATTGGTGGGTTTGGCAATTGGTTAGTGCCTTTAATACTAGGGGCCCCAGACATGGCCTTTCCTCGTATAAACAATATAAGTTTTTGGTTGTTGCCGCCTTCGTTAACCTTGCTTGTGTCAAGTAGAATTGTAGATGTTGGTGCGGGAACGGGATGGACGGTGTACCCACCGCTTTCAGCCAATATCGCTCATGGTGGGGCATCTGTCGATTTTGCTATTTTTTCTCTACATTTGGCAGGGGTGTCTTCTATCTTAGGGGCTGTAAATTTTATTACAACTGTTGTTAACATGCGTAGCCCTGGAATGACTCTGGACCGAATACCCCTGTTTGTATGGTCTGTAGTAATTACCGCTGTTCTCTTACTCCTGTCGCTGCCGGTGCTGGCAGGAGCTATTACTATGTTACTAACGGATCGTAATTTGAATACCTCGTTTTTTGACCCTGCAGGTGGGGGTGATCCTATTTTGTACCAACATTTATTT,Switzerland,NA,NA,NA
BOLD,11680870,COI-5P,Arthropoda,Insecta,Ephemeroptera,Baetidae,Baetinae,Baetis,Baetis alpinus,NA,TACTTTATACTTCATTTTTGGTGCATGAGCTGGAATAGTGGGCACTTCTTTGAGTTTATTAATTCGTGCAGAGCTAGGTAATCCTGGTTCTTTAATTGGTGATGACCAGATTTATAATGTTATTGTTACTGCCCATGCTTTTATTATAATTTTCTTTATAGTTATACCAATTATGATTGGTGGTTTTGGTAATTGATTAGTTCCTCTTATATTAGGAGCTCCTGATATAGCTTTTCCTCGTATAAATAATATAAGTTTTTGATTATTGCCTCCTTCATTGACTTTATTAGTATCAAGTAGTTTAGTAGATATAGGAGCTGGTACGGGTTGAACTGTATATCCTCCTTTAGCGGCTAATATTGCTCATGGAGGGTCATCAGTTGATTACGCTATTTTTTCTTTACATTTAGCTGGGGTATCTTCTATTTTAGGTGCTGTAAATTTTATTACAACAGTAATTAACATGCGTAGCCCTGGTATAACTTTAGATCGTATTCCTTTATTTGTATGATCTGTTGTAATTACTGCTGTGTTATTGCTTTTATCGCTACCTGTATTAGCCGGTGCTATTACTATACTTTTAACCGATCGTAATCTTAATACTTCTTTTT-----------------------------------------------,Switzerland,NA,NA,NA
BOLD,11680871,COI-5P,Arthropoda,Insecta,Ephemeroptera,Baetidae,Baetinae,Baetis,Baetis alpinus,NA,TACTTTATACTTCATTTTTGGTGCATGAGCTGGTATAGTGGGCACTTCATTGAGTTTATTAATTCGTGCGGAACTAGGGAATCCTGGATCTTTAATTGGTGATGATCAAATTTATAATGTTATTGTTACTGCTCACGCTTTTATTATAATTTTCTTTATGGTTATACCAATCATGATTGGAGGTTTTGGTAATTGATTAGTACCTCTTATATTAGGAGCACCTGATATGGCCTTCCCTCGTATAAATAATATAAGTTTTTGATTATTACCTCCTTCATTAACTTTATTAGTATCAAGTAGTTTAGTTGATATGGGAGCCGGTACAGGCTGAACAGTTTATCCTCCTTTAGCTGCAAATATTGCTCATGGAGGGTCATCCGTTGATTATGCTATTTTTTCTTTACATTTAGCTGGGGTATCTTCTATTTTAGGTGCTGTAAATTTTATTACAACAGTAATTAATATGCGTAGTCCGGGTATAACTTTAGATCGAATTCCTTTATTTGTATGATCTGTTGTAATTACTGCTGTTTTATTATTATTATCACTACCTGTGTTAGCTGGTGCTATTACTATACTTTTAACTGATCGTAATCTTAATACTTCTTTTTTTGATCCTGCTGGAGGGGGTGATCCTATTTTATACCAACATTTA---,Switzerland,NA,NA,NA
BOLD,11680872,COI-5P,Arthropoda,Insecta,Ephemeroptera,Baetidae,Baetinae,Baetis,Baetis alpinus,NA,-----------------------------------TGGTCGGCACTTCACTCAGTCTTTTAATTCGAGCCGAGCTTGGGAACCCTGGTTCATTAATTGGCGACGACCAAATTTATAACGTTATTGTTACTGCTCATGCTTTTATTATAATTTTTTTTATAGTGATACCAATTATAATTGGTGGTTTTGGCAACTGGCTGGTGCCGCTTATGTTGGGTGCGCCTGATATGGCGTTTCCACGTATAAATAATATGAGTTTTTGGTTGTTACCTCCTTCGCTGACCTTGTTGGTGTCGAGCAGAGTAGTAGATGTGGGGGCTGGCACGGGGTGAACAGTGTACCCTCCCTTAGCTGCCAACATCGCGCATGGGGGCGCCTCAGTGGATTTTGCGATTTTTTCATTACATTTAGCGGGGGTGTCTTCAATTTTGGGTGCTGTAAATTTTATCACTACTGTAGTTAACATGCGGAGTCCAGGAATAACGTTAGACCGCATACCACTATTTGTCTGGTCTGTTGTAATCACTGCGGTTTTATTATTGCTCTCACTCCCTGTTCTAGCGGGGGCAATCACCATACTTTTAACGGATCGTAATTTAAACACTTCGTTTTTTGACCCGGCGGGGGGTGGTGACCCAATCCTATACCA----------,Switzerland,NA,NA,NA
BOLD,11680873,COI-5P,Arthropoda,Insecta,Ephemeroptera,Baetidae,Baetinae,Baetis,Baetis alpinus,NA,-----------------------------------TGGTCGGCACTTCACTCAGTCTTTTAATTCGAGCCGAGCTTGGGAACCCTGGTTCATTAATTGGCGACGACCAAATTTATAACGTTATTGTTACTGCTCATGCTTTTATTATAATTTTTTTTATAGTGATACCAATTATAATTGGTGGTTTTGGCAACTGGCTGGTGCCGCTTATGTTGGGTGCGCCTGATATGGCGTTTCCACGTATAAATAATATGAGTTTTTGGTTGTTACCTCCTTCGCTGACCTTGTTGGTGTCGAGCAGAGTAGTAGATGTGGGGGCTGGCACGGGGTGAACAGTGTACCCTCCTTTAGCTGCCAACATCGCGCATGGGGGCGCCTCAGTGGATTTTGCGATTTTTTCATTACATTTAGCGGGGGTGTCTTCAATTTTGGGTGCTGTAAATTTTATCACTACTGTAGTTAACATGCGGAGTCCAGGAATAACGTTAGACCGCATACCACTATTTGTCTGGTCTGTTGTAATCACTGCGGTTTTATTATTGCTCTCACTCCCTGTTCTAGCGGGGGCAATCACCATACTTTTAACGGATCGTAATTTAAACACTTCGTTTTTTGACCCGGCGGGGGGTGGTGACCCAATCCTATACCA----------,Switzerland,NA,NA,NA
BOLD,11680874,COI-5P,Arthropoda,Insecta,Ephemeroptera,Baetidae,Baetinae,Baetis,Baetis alpinus,NA,-----------------------------------TGGTCGGCACTTCACTTAGTCTTTTAATTCGAGCCGAGCTTGGGAACCCTGGTTCATTAATTGGCGACGACCAAATTTATAACGTTATTGTTACTGCTCATGCTTTTATTATAATTTTTTTTATAGTGATACCAATTATAATTGGTGGGTTTGGCAACTGGCTGGTGCCGCTCATGTTGGGTGCACCTGATATGGCGTTTCCACGTATAAATAATATGAGTTTTTGGTTGTTACCCCCTTCGCTGACCTTGTTGGTGTCGAGTAGAGTAGTAGATGTGGGGGCTGGCACGGGGTGAACAGTGTACCCTCCTTTAGCTGCGAACATCGCGCATGGGGGTGCCTCAGTGGATTTTGCGATTTTTTCATTACATTTAGCGGGGGTGTCTTCAATTTTGGGTGCTGTAAATTTTATCACTACTGTAGTTAACATGCGTAGTCCAGGAATAACATTAGACCGTATGCCACTATTTGTATGGTCTGTTGTAATCACTGCGGTTTTATTATTGCTATCCCTCCCTGTTCTAGCGGGGGCAATCACTATACTTTTAACGGATCGTAATTTAAACACTTCGTTTTTTGACCCGGCGGGGGGTGGCGACCCAATCTTATACCA----------,Switzerland,NA,NA,NA
BOLD,9698877,COI-5P,Arthropoda,Insecta,Ephemeroptera,Baetidae,Baetinae,Baetis,Baetis alpinus,NA,-----------------------------------TGGTCGGCACTTCACTTAGTCTTTTAATTCGAGCCGAGCTTGGGAACCCTGGTTCATTAATTGGCGACGACCAAATTTATAACGTTATTGTTACTGCTCATGCTTTTATTATAATTTTTTTTATAGTGATACCAATTATAATTGGTGGGTTTGGCAACTGGCTGGTGCCGCTCATGTTGGGTGCACCTGATATGGCGTTTCCACGTATAAATAATATGAGTTTTTGGTTGTTACCCCCTTCGCTGACCTTGTTGGTGTCGAGTAGAGTAGTAGATGTGGGGGCTGGCACGGGGTGAACAGTGTACCCTCCTTTAGCTGCGAACATCGCGCATGGGGGCGCCTCAGTGGATTTTGCGATTTTTTCATTACATTTAGCGGGGGTGTCTTCAATTTTGGGTGCTGTAAATTTTATCACTACTGTAGTTAACATGCGTAGGCCAGGAATAACATTAGACCGTATGCCACTATTTGTATGGTCTGTTGTAATCACTGCGGTTTTATTATTGCTATCCCTCCCTGTTCTAGCGGGGGCAATCACTATACTTTTAACGGATCGTAATTTAAACACTTCGTTTTTTGACCCGGCGGGGGGTGGCGACCCAATCTTATACCA----------,Switzerland,NA,NA,NA
BOLD,9698882,COI-5P,Arthropoda,Insecta,Ephemeroptera,Baetidae,Baetinae,Baetis,Baetis alpinus,NA,-----------------------------------TGGTCGGCACTTCACTTAGTCTTTTAATTCGAGCCGAGCTTGGGAACCCTGGTTCATTAATTGGCGACGACCAAATTTATAACGTTATTGTTACTGCTCATGCTTTTATTATAATTTTTTTTATAGTGATACCAATTATAATTGGTGGGTTTGGCAACTGGCTGGTGCCGCTCATGTTGGGTGCACCTGATATGGCGTTTCCACGTATAAATAATATGAGTTTTTGGTTGTTACCCCCTTCGCTGACCTTGTTGGTGTCGAGTAGAGTAGTAGATGTGGGGGCTGGCACGGGGTGAACAGTGTACCCTCCTTTAGCTGCGAACATCGCGCATGGGGGCGCCTCAGTGGATTTTGCGATTTTTTCATTACATTTAGCGGGGGTGTCTTCAATTTTGGGTGCTGTAAATTTTATCACTACTGTAGTTAACATGCGTAGTCCAGGAATAACATTAGACCGTATGCCACTATTTGTATGGTCTGTTGTAATCACTGCGGTTTTATTATTGCTATCCCTCCCTGTTCTAGCGGGGGCAATCACTATACTTTTAACGGATCGTAATTTAAACACTTCGTTTTTTGACCCGGCGGGGGGTGGCGACCCAATCTTATACCA----------,Switzerland,NA,NA,NA
BOLD,9698874,COI-5P,Arthropoda,Insecta,Ephemeroptera,Baetidae,Baetinae,Baetis,Baetis alpinus,NA,-----------------------------------TGGTCGGCACTTCACTTAGTCTTTTAATTCGAGCCGAGCTTGGGAACCCTGGTTCATTAATTGGCGACGACCAAATTTATAACGTTATTGTTACTGCTCATGCTTTTATTATAATTTTTTTTATAGTGATACCAATTATAATTGGTGGGTTTGGCAACTGGCTGGTGCCGCTCATGTTGGGTGCGCCTGATATGGCGTTTCCACGTATAAATAATATGAGTTTTTGGTTGTTACCCCCTTCGCTGACCTTGTTGGTGTCGAGTAGAGTAGTAGATGTGGGGGCTGGCACGGGGTGAACAGTGTACCCTCCTTTAGCTGCGAACATCGCGCATGGGGGCGCCTCAGTGGATTTTGCGATTTTTTCATTACATTTAGCGGGGGTGTCTTCAATTTTGGGTGCTGTAAATTTTATTACTACTGTAGTTAACATGCGTAGTCCAGGAATAACATTAGACCGTATGCCACTATTTGTCTGGTCTGTTGTAATCACTGCGGTTTTATTATTGCTATCACTCCCTGTCCTAGCGGGGGCAATCACTATACTTTTAACGGATCGTAATTTAAACACTTCGTTTTTTGACCCGGCGGGGGGTGGCGACCCAATCTTATACCA----------,Switzerland,NA,NA,NA
BOLD,9698867,COI-5P,Arthropoda,Insecta,Ephemeroptera,Baetidae,Baetinae,Baetis,Baetis alpinus,NA,-----------------------------------TGGTCGGCACTTCACTTAGTCTTTTAATTCGAGCCGAGCTCGGGAACCCTGGTTCATTAATTGGCGACGACCAGATTTATAATGTTATTGTTACTGCTCATGCTTTTATTATAATTTTTTTTATAGTGATACCAATTATAATTGGTGGTTTTGGCAACTGGCTGGTGCCGCTCATGTTGGGTGCGCCTGATATGGCGTTTCCACGTATAAATAATATGAGTTTTTGGTTGTTACCCCCTTCGCTGACCTTGTTGGTGTCGAGTAGAGTAGTAGATGTGGGGGCTGGCACGGGGTGAACGGTATACCCTCCTTTAGCTGCGAACATCGCGCATGGGGGCGCCTCAGTGGATTTTGCGATTTTTTCATTACATTTAGCGGGGGTGTCTTCAATTTTGGGTGCTGTAAATTTTATCACTACTGTAGTTAACATGCGTAGTCCAGGAATAACATTAGACCGTATGCCACTATTTGTCTGGTCTGTTGTAATCACTGCGGTTTTATTATTGCTATCACTCCCTGTTCTAGCGGGGGCAATCACTATACTTTTAACGGATCGTAATTTAAACACTTCGTTTTTTGACCCGGCGGGGGGTGGCGACCCAATCTTATACCA----------,Switzerland,NA,NA,NA
BOLD,9698881,COI-5P,Arthropoda,Insecta,Ephemeroptera,Baetidae,Baetinae,Baetis,Baetis alpinus,NA,-----------------------------------TGGTCGGCACTTCACTTAGTCTTTTAATTCGAGCCGAGCTTGGGAACCCTGGTTCATTAATTGGCGACGACCAGATTTATAATGTTATTGTTACTGCTCATGCTTTTATTATAATTTTTTTTATAGTGATACCAATTATAATTGGTGGTTTTGGCAACTGGCTGGTGCCGCTCATGTTGGGTGCGCCTGATATGGCGTTTCCACGTATAAATAATATGAGTTTTTGGTTGTTACCCCCTTCGCTGACCTTGTTGGTGTCGAGTAGAGTAGTAGATGTGGGGGCTGGCACGGGGTGAACAGTGTACCCTCCTTTAGCTGCGAACATCGCGCATGGGGGCGCCTCAGTGGATTTTGCGATTTTTTCATTACATTTAGCGGGGGTGTCTTCAATTTTGGGTGCTGTAAATTTTATCACTACTGTAGTTAACATGCGTAGTCCAGGAATAACATTAGACCGTATGCCACTATTTGTTTGGTCTGTTGTAATCACTGCGGTTTTATTATTGCTATCACTCCCTGTTCTAGCGGGGGCAATCACTATACTTTTAACGGATCGTAATTTAAACACTTCGTTTTTTGACCCGGCGGGGGGTGGCGACCCAATCTTATACCA----------,Switzerland,NA,NA,NA
BOLD,9698879,COI-5P,Arthropoda,Insecta,Ephemeroptera,Baetidae,Baetinae,Baetis,Baetis alpinus,NA,-----------------------------------TGGTCGGCACTTCACTTAGTCTTTTAATTCGAGCCGAGCTTGGGAACCCTGGTTCATTAATTGGCGACGACCAGATTTATAATGTTATTGTTACTGCTCATGCTTTTATTATAATTTTTTTTATAGTGATACCAATTATAATTGGTGGTTTTGGCAACTGGCTGGTGCCGCTCATGTTGGGTGCGCCTGATATGGCGTTTCCACGTATAAATAATATGAGTTTTTGGTTGTTACCCCCTTCGCTGACCTTGTTGGTGTCGAGTAGAGTAGTAGATGTGGGGGCTGGCACGGGGTGAACAGTGTACCCTCCTTTAGCTGCGAACATCGCGCATGGGGGCGCCTCAGTGGATTTTGCGATTTTTTCATTACATCTAGCGGGGGTGTCTTCAATTTTGGGTGCTGTAAATTTTATCACTACTGTAGTTAACATGCGTAGTCCAGGAATAACATTAGACCGTATGCCACTATTTGTCTGGTCTGTTGTAATCACTGCGGTTTTATTATTGCTATCACTCCCTGTTCTAGCGGGGGCAATCACTATACTTTTAACGGATCGTAATTTAAACACTTCGTTTTTTGACCCGGCGGGGGGTGGCGACCCAATCTTATACCA----------,Switzerland,NA,NA,NA
BOLD,9698876,COI-5P,Arthropoda,Insecta,Ephemeroptera,Baetidae,Baetinae,Baetis,Baetis alpinus,NA,-----------------------------------TGGTCGGCACTTCACTTAGTCTTTTAATTCGAGCCGAGCTTGGGAACCCTGGTTCATTAATTGGCGACGACCAGATTTATAATGTTATTGTTACTGCTCATGCTTTTATTATAATTTTTTTTATAGTGATACCAATTATAATTGGTGGTTTTGGCAACTGGCTGGTGCCGCTCATGTTGGGTGCGCCTGATATGGCGTTTCCACGTATAAATAATATGAGTTTTTGGTTGTTACCCCCTTCGCTGACCTTGTTGGTGTCGAGTAGAGTAGTAGATGTGGGGGCTGGCACGGGGTGAACAGTGTACCCTCCTTTAGCTGCGAACATCGCGCATGGGGGCGCCTCAGTGGATTTTGCGATTTTTTCATTACATTTAGCGGGGGTGTCTTCAATTTTGGGTGCTGTAAATTTTATCACTACTGTAGTTAACATGCGTAGTCCAGGAATAACATTAGACCGTATGCCACTATTTGTCTGGTCTGTTGTAATCACTGCGGTTTTATTATTGCTATCACTCCCTGTTCTAGCGGGGGCAATCACTATACTTTTAACGGATCGTAATTTAAACACTTCGTTTTTTGACCCGGCGGGGGGTGGCGACCCAATCTTATACCA----------,Switzerland,NA,NA,NA
BOLD,9698878,COI-5P,Arthropoda,Insecta,Ephemeroptera,Baetidae,Baetinae,Baetis,Baetis alpinus,NA,-----------------------------------TGGTCGGCACTTCACTTAGTCTTTTAATTCGAGCCGAGCTTGGGAACCCTGGTTCATTAATTGGCGACGACCAGATTTATAATGTTATTGTTACTGCTCATGCTTTTATTATAATTTTTTTTATAGTGATACCAATTATAATTGGTGGTTTTGGCAACTGGCTGGTGCCGCTCATGTTGGGTGCGCCTGATATGGCATTTCCACGTATAAATAATATGAGTTTTTGGTTGTTACCCCCTTCGCTGACCTTGTTGGTGTCGAGTAGAGTAGTAGATGTGGGGGCTGGCACGGGGTGAACGGTGTACCCTCCTTTAGCTGCGAACATCGCGCATGGGGGCGCCTCAGTGGATTTTGCGATTTTTTCATTACATTTAGCGGGGGTGTCTTCAATTTTGGGTGCTGTAAATTTTATCACTACTGTAGTTAACATGCGTAGTCCAGGAATAACATTAGACCGTATGCCACTATTTGTCTGGTCTGTTGTAATCACTGCGGTTTTATTATTGCTATCACTCCCTGTTCTAGCGGGGGCAATCACTATACTTTTAACGGATCGTAATTTAAACACTTCGTTTTTTGACCCGGCGGGGGGTGGCGACCCAATCTTATACCA----------,Switzerland,NA,NA,NA
BOLD,9698868,COI-5P,Arthropoda,Insecta,Ephemeroptera,Baetidae,Baetinae,Baetis,Baetis alpinus,NA,-----------------------------------TGGTCGGCACTTCACTTAGTCTTTTAATTCGAGCCGAGCTTGGGAACCCTGGTTCATTAATTGGCGACGACCAGATTTATAATGTTATTGTTACTGCTCATGCTTTTATTATAATTTTTTTTATAGTGATACCAATTATAATTGGTGGTTTTGGCAACTGGCTGGTGCCGCTCATGTTGGGTGCGCCTGATATGGCGTTTCCACGTATAAATAATATGAGTTTTTGGTTGTTACCCCCTTCGCTGACCTTGTTGGTGTCGAGTAGAGTAGTAGATGTGGGGGCTGGCACGGGGTGAACGGTGTACCCCCCTTTAGCTGCGAACATCGCGCATGGGGGCGCCTCAGTGGATTTTGCGATTTTTTCATTACATTTAGCGGGGGTGTCTTCAATTTTGGGTGCTGTAAATTTTATCACTACTGTAGTTAACATGCGTAGTCCAGGAATAACATTAGACCGTATGCCACTATTTGTCTGGTCTGTTGTAATCACTGCGGTTTTATTATTGCTATCACTCCCTGTTCTAGCGGGGGCAATCACTATACTTTTAACGGATCGTAATTTAAACACTTCGTTTTTTGACCCGGCGGGGGGTGGCGACCCAATCTTATACCA----------,Switzerland,NA,NA,NA
BOLD,9698869,COI-5P,Arthropoda,Insecta,Ephemeroptera,Baetidae,Baetinae,Baetis,Baetis alpinus,NA,-----------------------------------TGGTCGGCACTTCACTTAGTCTTTTAATTCGAGCCGAGCTTGGGAACCCTGGTTCATTAATTGGCGACGACCAGATTTATAATGTTATTGTTACTGCTCATGCTTTTATTATAATTTTTTTTATAGTGATACCAATTATAATTGGTGGTTTTGGCAACTGGCTGGTGCCGCTCATGTTGGGTGCGCCTGATATGGCGTTTCCACGTATAAATAATATGAGTTTTTGGTTGTTACCCCCTTCGCTGACCTTGTTGGTGTCGAGTAGAGTAGTAGATGTGGGGGCTGGCACGGGGTGAACGGTGTACCCTCCTTTAGCTGCGAACATCGCGCATGGGGGCGCCTCAGTGGATTTTGCTATTTTTTCATTACATTTAGCGGGGGTGTCTTCAATTTTGGGTGCTGTAAATTTTATCACTACTGTAGTTAACATGCGTAGTCCAGGAATAACATTAGACCGTATGCCACTATTTGTCTGGTCTGTTGTAATCACTGCGGTTTTATTATTGCTATCACTCCCTGTTCTAGCGGGGGCAATCACTATACTTTTAACGGATCGTAATTTAAACACTTCGTTTTTTGACCCGGCGGGGGGTGGCGACCCAATCTTATACCA----------,Switzerland,NA,NA,NA
BOLD,9698870,COI-5P,Arthropoda,Insecta,Ephemeroptera,Baetidae,Baetinae,Baetis,Baetis alpinus,NA,-----------------------------------TGGTCGGCACTTCACTTAGTCTTTTAATTCGAGCCGAGCTTGGGAACCCTGGTTCATTAATTGGCGACGACCAGATTTATAATGTTATTGTTACTGCTCATGCTTTTATTATAATTTTTTTTATAGTGATACCAATTATAATTGGTGGTTTTGGCAACTGGCTGGTGCCGCTCATGTTGGGTGCGCCTGATATGGCGTTTCCACGTATAAATAATATGAGTTTTTGGTTGTTACCCCCTTCGCTGACCTTGTTGGTGTCGAGTAGAGTAGTAGATGTGGGGGCTGGCACGGGGTGAACGGTGTACCCTCCTTTAGCTGCGAACATCGCGCATGGGGGCGCCTCAGTGGATTTTGCGATTTTTTCATTACATTTAGCGGGGGTGTCTTCAATTTTGGGTGCTGTAAATTTTATCACTACTGTAGTTAACATGCGTAGTCCAGGAATAACATTAGACCGTATGCCACTATTTGTCTGGTCTGTTGTAATCACTGCGGTTTTATTATTGCTATCACTCCCTGTTCTAGCGGGGGCAATCACTATACTTTTAACGGATCGTAATTTAAACACTTCGTTTTTTGACCCGGCGGGGGGTGGCGACCCAATCTTATACCA----------,Switzerland,NA,NA,NA
BOLD,9698866,COI-5P,Arthropoda,Insecta,Ephemeroptera,Baetidae,Baetinae,Baetis,Baetis alpinus,NA,-----------------------------------TGATCGGCACTTCACTTAGTCTTTTAATTCGAGCCGAGCTTGGGAACCCTGGTTCATTAATTGGCGATGACCAAATTTATAACGTTATTGTTACTGCCCATGCTTTTATTATAATTTTTTTTATAGTGATACCAATTATAATTGGTGGTTTTGGCAACTGGCTGGTGCCGCTCATGTTGGGTGCGCCTGATATGGCGTTTCCACGTATAAATAATATGAGTTTTTGGTTGTTACCCCCTTCGCTGACCTTGTTGGTGTCGAGTAGAGTAGTAGATGTGGGGGCTGGCACGGGGTGAACAGTGTACCCTCCTTTAGCTGCGAACATCGCGCATGGGGGCGCCTCAGTGGATTTTGCGATTTTTTCATTACATTTAGCGGGGGTGTCTTCAATTTTGGGTGCTGTAAATTTTATCACTACTGTAGTTAACATGCGTAGTCCAGGAATAACATTAGACCGTATGCCACTATTTGTCTGGTCTGTTGTAATCACTGCGGTTTTATTATTGCTATCACTCCCTGTTCTAGCGGGGGCAATCACTATACTTTTAACGGATCGTAATTTAAACACTTCGTTTTTTGACCCGGCGGGGGGTGGCGACCCAATCTTATACCA----------,Switzerland,NA,NA,NA
BOLD,9698873,COI-5P,Arthropoda,Insecta,Ephemeroptera,Baetidae,Baetinae,Baetis,Baetis alpinus,NA,-----------------------------------TGGTCGGCACTTCACTTAGTCTTTTAATTCGAGCCGAGCTTGGGAACCCTGGTTCATTAATTGGCGACGACCAAATTTATAACGTTATTGTTACTGCTCATGCTTTTATTATAATTTTTTTTATAGTGATACCAATTATAATTGGTGGTTTTGGCAACTGGCTGGTGCCGCTCATGTTGGGTGCGCCTGATATGGCGTTTCCACGTATAAATAATATGAGTTTTTGGTTGTTACCCCCTTCGCTGACCTTGTTGGTGTCGAGTAGAGTAGTAGATGTGGGGGCTGGCACGGGGTGAACAGTGTACCCTCCTTTAGCTGCGAACATCGCGCATGGGGGCGCCTCAGTGGATTTTGCGATTTTTTCATTACATTTAGCGGGGGTGTCTTCAATTTTGGGTGCTGTAAATTTTATCACTACTGTAGTTAACATACGTAGTCCAGGAATAACATTAGACCGTATGCCACTATTTGTCTGGTCTGTTGTAATCACTGCGGTTTTATTATTGCTATCACTCCCTGTTCTAGCGGGGGCAATCACTATACTTTTAACGGATCGTAATTTAAACACTTCGTTTTTTGACCCGGCGGGGGGTGGCGACCCAATCTTATACCA----------,Switzerland,NA,NA,NA
BOLD,9698880,COI-5P,Arthropoda,Insecta,Ephemeroptera,Baetidae,Baetinae,Baetis,Baetis alpinus,NA,-----------------------------------TGGTCGGCACTTCACTTAGTCTTTTAATTCGAGCCGAGCTTGGGAACCCTGGTTCATTAATTGGCGACGACCAAATTTATAACGTTATTGTTACTGCTCATGCTTTTATTATAATTTTTTTTATAGTGATACCAATTATAATTGGTGGTTTTGGCAACTGGTTGGTGCCGCTCATGTTGGGTGCGCCTGATATGGCGTTTCCACGTATAAATAATATGAGTTTTTGGTTGTTACCCCCTTCGCTGACCTTGTTGGTGTCGAGTAGAGTAGTAGATGTGGGGGCTGGCACGGGGTGAACAGTGTACCCTCCTTTAGCTGCGAACATCGCGCATGGGGGCGCCTCAGTGGATTTTGCGATTTTTTCATTACATTTAGCGGGGGTGTCTTCAATTTTGGGTGCTGTAAATTTTATCACTACTGTAGTTAACATGCGTAGTCCAGGAATAACATTAGACCGTATGCCACTATTTGTCTGGTCTGTTGTAATCACTGCGGTTTTATTATTGCTATCACTCCCTGTTCTAGCGGGGGCAATCACTATACTTTTAACGGATCGTAATTTAAACACTTCGTTTTTTGACCCGGCGGGGGGTGGCGACCCAATCTTATACCA----------,Switzerland,NA,NA,NA
BOLD,9698871,COI-5P,Arthropoda,Insecta,Ephemeroptera,Baetidae,Baetinae,Baetis,Baetis alpinus,NA,-----------------------------------TGGTCGGCACTTCACTTAGTCTTTTAATTCGAGCCGAGCTTGGGAACCCTGGTTCATTAATTGGCGATGACCAAATTTATAACGTTATTGTTACTGCTCATGCTTTTATTATAATTTTTTTTATAGTGATACCAATTATAATTGGTGGTTTTGGCAACTGGCTGGTGCCGCTCATGTTGGGTGCGCCTGATATGGCGTTTCCACGTATAAATAATATGAGTTTTTGGTTGTTACCCCCTTCGCTGACCTTGTTGGTGTCGAGTAGAGTAGTAGATGTGGGGGCTGGCACGGGGTGAACAGTGTACCCTCCTTTAGCTGCGAACATCGCGCATGGGGGCGCCTCAGTGGATTTTGCGATTTTTTCATTACATTTAGCGGGGGTGTCTTCAATTTTGGGTGCTGTAAATTTTATCACTACTGTAGTTAACATGCGTAGTCCAGGAATAACATTAGACCGCATGCCACTATTTGTCTGGTCTGTTGTAATCACTGCGGTTTTATTATTGCTATCACTCCCTGTTCTAGCGGGGGCAATCACTATACTTTTAACGGATCGTAATTTAAACACTTCGTTTTTTGACCCGGCGGGGGGTGGCGACCCAATCTTATACCA----------,Switzerland,NA,NA,NA
BOLD,9698884,COI-5P,Arthropoda,Insecta,Ephemeroptera,Baetidae,Baetinae,Baetis,Baetis alpinus,NA,-----------------------------------TGGTGGGGACCTCCCTCAGTCTTTTAATTCGAGCCGAGCTTGGCAATCCTGGGTCTCTAATTGGTGACGACCAAATTTACAACGTTATTGTCACTGCTCATGCGTTTATCATAATTTTTTTTATAGTGATACCAATTATAATCGGCGGGTTTGGTAATTGGCTTGTTCCGCTCATGTTAGGAGCCCCAGATATGGCATTCCCCCGCATAAATAATATAAGTTTCTGGTTGTTACCCCCTTCGCTCACACTGCTTGTATCAAGCAGTGTTGTTGATGTAGGGGCGGGCACTGGGTGGACCGTATATCCCCCCTTGGCTGCCAACATCGCACATGGGGGTGCTTCTGTGGATTTCGCAATTTTTTCGCTACACCTGGCGGGGGTGTCTTCAATTTTGGGCGCTGTAAACTTCATTACAACTGTAATTAATATGCGCAGCCCAGGAATAACGTTGGATCGCATACCGCTATTCGTTTGGTCTGTTGTAATTACTGCGGTTTTATTACTACTTTCTCTACCGGTTCTTGCCGGGGCAATTACTATACTGCTAACTGACCGTAATTTAAATACTTCATTTTTTGATCCGGCGGGGGGAGGAGACCCAATTTTATACCA----------,Switzerland,NA,NA,NA
BOLD,9698872,COI-5P,Arthropoda,Insecta,Ephemeroptera,Baetidae,Baetinae,Baetis,Baetis alpinus,NA,-----------------------------------TGGTGGGGACCTCCCTCAGTCTTTTAATTCGAGCCGAGCTTGGCAATCCTGGGTCTCTAATTGGTGACGACCAAATTTACAACGTTATTGTCACTGCTCATGCGTTTATTATAATTTTTTTTATAGTGATACCAATTATAATCGGCGGGTTTGGTAATTGGCTTGTTCCGCTCATGTTAGGAGCCCCAGATATGGCATTTCCCCGCATAAATAATATAAGTTTCTGGTTGTTACCCCCTTCGCTCACACTGCTTGTATCAAGCAGTGTTGTTGATGTAGGGGCGGGCACTGGGTGGACCGTGTATCCCCCCTTGGCTGCCAACATCGCACATGGGGGTGCTTCTGTGGATTTCGCAATTTTTTCGCTACACCTGGCGGGGGTGTCTTCAATTTTGGGCGCTGTAAACTTCATTACAACTGTAATTAATATGCGCAGCCCAGGAATAACGTTGGATCGCATACCGCTATTCGTTTGGTCTGTTGTAATTACTGCGGTTTTATTACTACTTTCTCTACCGGTTCTTGCCGGGGCAATTACTATACTGCTAACTGACCGTAATTTAAATACTTCATTTTTTGATCCGGCGGGGGGAGGAGACCCAATTTTATACCA----------,Switzerland,NA,NA,NA
BOLD,9698875,COI-5P,Arthropoda,Insecta,Ephemeroptera,Baetidae,Baetinae,Baetis,Baetis alpinus,NA,-----------------------------------TGGTGGGGACCTCCCTCAGTCTTTTAATTCGAGCCGAGCTTGGCAATCCTGGGTCTCTAATTGGTGACGACCAAATTTACAACGTTATTGTCACTGCTCATGCGTTTATTATAATTTTTTTTATAGTGATACCAATTATAATCGGCGGGTTTGGTAATTGGCTTGTTCCGCTCATGTTAGGAGCCCCAGATATGGCATTCCCCCGCATAAATAATATAAGTTTCTGGTTGTTACCCCCTTCGCTCACACTGCTTGTATCAAGCAGTGTTGTTGATGTAGGGGCGGGCACTGGGTGGACCGTGTATCCCCCCTTGGCTGCCAACATCGCACATGGGGGTGCTTCTGTGGATTTCGCAATTTTTTCACTACACCTGGCGGGGGTGTCTTCAATTTTGGGCGCTGTAAACTTCATTACAACTGTAATTAATATGCGCAGCCCAGGAATAACGTTGGATCGCATACCGCTATTCGTTTGGTCTGTTGTAATTACTGCGGTTTTATTACTACTTTCTCTACCGGTTCTTGCCGGGGCAATTACTATACTGCTAACTGACCGTAATTTAAATACTTCATTTTTTGATCCGGCGGGGGGAGGAGACCCAATTTTATACCA----------,Switzerland,NA,NA,NA
BOLD,9698883,COI-5P,Arthropoda,Insecta,Ephemeroptera,Baetidae,Baetinae,Baetis,Baetis alpinus,NA,-----------------------------------TGGTGGGGACCTCCCTCAGTCTTTTAATTCGAGCCGAGCTTGGCAATCCTGGGTCTCTAATTGGTGACGACCAAATTTACAACGTTATTGTCACTGCTCATGCGTTTATTATAATTTTTTTTATAGTGATACCAATTATAATCGGCGGGTTTGGTAATTGGCTTGTTCCGCTCATGTTAGGAGCCCCAGATATGGCATTCCCCCGCATAAATAATATAAGTTTCTGGTTGTTACCCCCTTCGCTCACACTGCTTGTATCAAGCAGTGTTGTTGATGTAGGGGCGGGCACTGGGTGGACCGTGTATCCCCCCTTGGCTGCCAACATCGCACATGGGGGTGCTTCTGTGGATTTCGCAATTTTTTCGCTACACCTGGCGGGGGTGTCTTCAATTTTGGGCGCTGTAAACTTCATTACAACTGTAATTAATATGCGCAGCCCAGGAATAACGTTGGATCGCATACCGCTATTCGTTTGGTCTGTTGTAATTACTGCGGTTTTATTACTACTTTCTCTACCGGTTCTTGCCGGGGCAATTACTATACTGCTAACTGACCGTAATTTAAATACTTCATTTTTTGATCCGGCGGGGGGAGGAGACCCAATTTTATACCA----------,Switzerland,NA,NA,NA
BOLD,9698885,COI-5P,Arthropoda,Insecta,Ephemeroptera,Baetidae,Baetinae,Baetis,Baetis melanonyx,NA,-----------------------------------TGGTGGGGACATCGCTCAGTCTTTTAATTCGAGCCGAGCTTGGTAACCCTGGGTCCTTAATTGGTGACGACCAGATTTACAACGTTATTGTTACTGCTCACGCGTTTATTATAATTTTTTTTATAGTGATACCAATTATAATCGGGGGGTTTGGTAATTGGCTTGTTCCCCTTATATTAGGGGCCCCCGACATAGCATTTCCCCGCATAAATAATATAAGTTTCTGGTTGTTACCTCCTTCCCTTACACTACTTGTGTCGAGCAGTGTGGTTGATGTAGGGGCGGGCACTGGGTGGACCGTGTATCCCCCCTTGGCTGCCAACATCGCGCATGGGGGGGCTTCAGTGGATTTCGCAATTTTTTCGTTACACCTGGCGGGGGTGTCTTCAATTTTGGGTGCTGTAAACTTCATTACAACTGTAATTAATATGCGTAGCCCAGGAATGACGTTGGATCGCATACCGCTATTCGTTTGATCTGTTGTAATCACTGCGGTTTTGTTATTGCTTTCTCTCCCGGTTCTCGCGGGGGCGATTACTATGCTGCTAACTGACCGTAATTTAAATACTTCATTTTTTGACCCAGCGGGGGGAGGAGACCCAATTTTATACCA----------,Switzerland,NA,NA,NA
BOLD,9698887,COI-5P,Arthropoda,Insecta,Ephemeroptera,Baetidae,Baetinae,Baetis,Baetis melanonyx,NA,-----------------------------------TGGTGGGGACATCGCTCAGTCTTTTAATTCGAGCCGAGCTTGGTAACCCTGGGTCCTTAATTGGTGACGACCAGATTTACAACGTTATTGTTACTGCTCACGCGTTTATTATAATTTTTTTTATAGTGATACCAATTATAATCGGGGGGTTTGGTAATTGGCTTGTTCCACTTATATTAGGGGCCCCCGACATAGCATTCCCCCGCATAAATAATATAAGTTTCTGGTTGTTACCTCCTTCCCTTACACTACTTGTGTCGAGCAGTGTGGTTGATGTAGGGGCGGGCACTGGGTGGACCGTGTATCCCCCCTTGGCTGCCAACATCGCACATGGGGGGGCTTCAGTGGATTTCGCAATTTTTTCGTTACACCTGGCGGGGGTGTCTTCAATTTTGGGTGCTGTAAACTTCATTACAACTGTAATTAATATGCGTAGCCCAGGAATGACGTTGGATCGCATACCGCTATTCGTTTGGTCTGTTGTAATCACTGCGGTTTTGTTATTGCTTTCTCTCCCGGTTCTCGCGGGGGCGATTACCATGCTGCTAACTGACCGTAATTTAAATACTTCATTTTTTGACCCAGCGGGGGGAGGAGACCCAATTTTATACCA----------,Switzerland,NA,NA,NA
BOLD,9698886,COI-5P,Arthropoda,Insecta,Ephemeroptera,Baetidae,Baetinae,Baetis,Baetis melanonyx,NA,-----------------------------------TGGTGGGGACATCGCTCAGTCTTTTAATTCGAGCCGAGCTTGGTAACCCTGGGTCCTTAATTGGTGACGACCAGATTTACAACGTTATTGTTACTGCTCACGCGTTTATTATAATTTTTTTTATAGTGATACCAATTATAATCGGGGGGTTTGGTAATTGGCTTGTTCCACTTATATTAGGGGCCCCCGACATAGCATTTCCCCGCATAAATAATATAAGTTTCTGGTTGTTACCTCCTTCCCTTACACTACTTGTGTCGAGCAGTGTGGTTGATGTAGGGGCGGGCACTGGGTGGACCGTGTATCCCCCCTTGGCTGCCAACATCGCACATGGGGGGGCTTCAGTGGATTTCGCAATTTTTTCGTTACACCTGGCGGGGGTGTCTTCAATTTTGGGTGCTGTAAACTTCATTACAACTGTAATTAATATGCGTAGCCCAGGAATGACGTTGGATCGCATACCGCTATTCGTTTGGTCTGTTGTAATCACTGCGGTTTTGTTATTGCTTTCTCTCCCGGTTCTCGCGGGGGCGATTACCATGCTGCTAACTGACCGTAATTTAAATACTTCATTTTTTGACCCAGCGGGGGGAGGAGACCCAATTTTATACCA----------,Switzerland,NA,NA,NA
